,model,seed,fp_types,valid_roc_auc,test_roc_auc,valid_roc_aucs,test_roc_aucs,use_time,n_estimators,
0,rf,1,AvalonFP_RDkitFP_AtomPairFP_MorganFP,0.920849888,0.908855782,"[0.9151654147838046, 0.9252071145042391, 0.9119740387950586, 0.9310529845741115]","[0.909955739068441, 0.9022606473827319, 0.9126881992878766, 0.9105185426066691]",5.700729847,500,
,model,seed,fp_types,valid_roc_auc,test_roc_auc,valid_roc_aucs,test_roc_aucs,use_time,n_estimators,
0,rf,2,AvalonFP_RDkitFP_AtomPairFP_MorganFP,0.910908228,0.907830446,"[0.9079410453839889, 0.9082913176937927, 0.9062291048169245, 0.9211714427340808]","[0.8936769975859535, 0.9104314469559479, 0.90966767573046, 0.9175456650373037]",5.60575223,500,
,model,seed,fp_types,valid_roc_auc,test_roc_auc,valid_roc_aucs,test_roc_aucs,use_time,n_estimators,
0,rf,4,AvalonFP_RDkitFP_AtomPairFP_MorganFP,0.913740613,0.911965083,"[0.9074338758510458, 0.9128277193130749, 0.9098146435607736, 0.9248862115127174]","[0.9127968923418424, 0.9059428978128165, 0.9151060341495272, 0.9140145056967335]",5.619573832,500,
,model,seed,fp_types,valid_roc_auc,test_roc_auc,valid_roc_aucs,test_roc_aucs,use_time,n_estimators,
0,rf,8,AvalonFP_RDkitFP_AtomPairFP_MorganFP,0.906958534,0.914484622,"[0.9021952233840305, 0.8925237449118046, 0.9091877780441674, 0.9239273882948639]","[0.9021199516973031, 0.9114757023069426, 0.9193726912664864, 0.9249701410416415]",5.596384048,500,
,model,seed,fp_types,valid_roc_auc,test_roc_auc,valid_roc_aucs,test_roc_aucs,use_time,n_estimators,
0,rf,16,AvalonFP_RDkitFP_AtomPairFP_MorganFP,0.913390328,0.911984812,"[0.897890942778976, 0.9114749190277891, 0.9256693721429239, 0.9185260789307033]","[0.9010772331202064, 0.9079319729733388, 0.9164235667092926, 0.9225064749365995]",5.591638565,500,
,model,seed,fp_types,valid_roc_auc,test_roc_auc,valid_roc_aucs,test_roc_aucs,use_time,n_estimators,
0,rf,32,AvalonFP_RDkitFP_AtomPairFP_MorganFP,0.906171259,0.924531343,"[0.8930022804350368, 0.9011930409332954, 0.9084645407075875, 0.9220251747487985]","[0.9162696041822257, 0.9228528107916996, 0.9253000253073511, 0.9337029337029338]",5.501956224,500,
,model,seed,fp_types,valid_roc_auc,test_roc_auc,valid_roc_aucs,test_roc_aucs,use_time,n_estimators,
0,rf,64,AvalonFP_RDkitFP_AtomPairFP_MorganFP,0.919853202,0.920100339,"[0.9143687362865445, 0.917165088331395, 0.9207855251544572, 0.927093456430191]","[0.914790667758157, 0.9234456257552921, 0.9225676683716966, 0.9195973961076673]",5.660613537,500,
,model,seed,fp_types,valid_roc_auc,test_roc_auc,valid_roc_aucs,test_roc_aucs,use_time,n_estimators,
0,rf,128,AvalonFP_RDkitFP_AtomPairFP_MorganFP,0.909248088,0.909203152,"[0.9034845052423688, 0.912038670284939, 0.9063311882968944, 0.9151379886674004]","[0.8979611294462779, 0.9094858723949459, 0.9087908940750213, 0.9205747126436781]",5.689719677,500,
,model,seed,fp_types,valid_roc_auc,test_roc_auc,valid_roc_aucs,test_roc_aucs,use_time,n_estimators,
0,rf,256,AvalonFP_RDkitFP_AtomPairFP_MorganFP,0.908242267,0.914706463,"[0.9011903115250435, 0.899207244076951, 0.9134467647333895, 0.9191247484909456]","[0.911131221719457, 0.9071027481570613, 0.9112747191161165, 0.929317163373286]",5.591012001,500,
,model,seed,fp_types,valid_roc_auc,test_roc_auc,valid_roc_aucs,test_roc_aucs,use_time,n_estimators,
0,rf,512,AvalonFP_RDkitFP_AtomPairFP_MorganFP,0.908355256,0.919744174,"[0.89952010295691, 0.9025668034150127, 0.9100865766162972, 0.9212475423523392]","[0.9154148629148628, 0.9206332992849847, 0.920555363137422, 0.9223731699012597]",5.581034899,500,
,model,seed,fp_types,valid_roc_auc,test_roc_auc,valid_roc_aucs,test_roc_aucs,use_time,n_neighbors,weights
0,knn,1,AvalonFP_RDkitFP_AtomPairFP_MorganFP,0.89634732,0.88946078,"[0.8796681125032116, 0.8981854141598551, 0.8951212679100294, 0.912414486921529]","[0.888100047528517, 0.8812562340306338, 0.891094456372438, 0.8973923824234786]",34.6079824,7,distance
,model,seed,fp_types,valid_roc_auc,test_roc_auc,valid_roc_aucs,test_roc_aucs,use_time,n_neighbors,weights
0,knn,2,AvalonFP_RDkitFP_AtomPairFP_MorganFP,0.880593824,0.873645212,"[0.8746215439470084, 0.8695084517410447, 0.8810077830377919, 0.897237517248771]","[0.8535078643935646, 0.8755087169333993, 0.8767919772760611, 0.8887722909021976]",34.53112197,3,distance
,model,seed,fp_types,valid_roc_auc,test_roc_auc,valid_roc_aucs,test_roc_aucs,use_time,n_neighbors,weights
0,knn,4,AvalonFP_RDkitFP_AtomPairFP_MorganFP,0.882627958,0.876529201,"[0.8769268600058402, 0.8864129439443247, 0.8793172771500946, 0.8878547523427042]","[0.8759378468368478, 0.8660931811338316, 0.8833924263225944, 0.8806933506535682]",34.50622106,3,uniform
,model,seed,fp_types,valid_roc_auc,test_roc_auc,valid_roc_aucs,test_roc_aucs,use_time,n_neighbors,weights
0,knn,8,AvalonFP_RDkitFP_AtomPairFP_MorganFP,0.863848987,0.884679805,"[0.8571990850760456, 0.8534803256445047, 0.8659627320919578, 0.8787538043039135]","[0.8777897043696051, 0.8872020256083002, 0.887550508754851, 0.8861769797495873]",34.49715495,3,uniform
,model,seed,fp_types,valid_roc_auc,test_roc_auc,valid_roc_aucs,test_roc_aucs,use_time,n_neighbors,weights
0,knn,16,AvalonFP_RDkitFP_AtomPairFP_MorganFP,0.871181845,0.863697867,"[0.8537954344773679, 0.8689168776026782, 0.8860634654085536, 0.8759516013851274]","[0.8445333681295579, 0.8554357981395475, 0.8734181852088662, 0.8814041169805212]",34.52176809,3,uniform
,model,seed,fp_types,valid_roc_auc,test_roc_auc,valid_roc_aucs,test_roc_aucs,use_time,n_neighbors,weights
0,knn,32,AvalonFP_RDkitFP_AtomPairFP_MorganFP,0.880534599,0.890500616,"[0.8605901356566483, 0.8773085104941534, 0.889669250852515, 0.8945705002184361]","[0.882781926811053, 0.8904715929179473, 0.8851745541244322, 0.9035743888685065]",34.55390406,3,uniform
,model,seed,fp_types,valid_roc_auc,test_roc_auc,valid_roc_aucs,test_roc_aucs,use_time,n_neighbors,weights
0,knn,64,AvalonFP_RDkitFP_AtomPairFP_MorganFP,0.89918356,0.896690466,"[0.8825757575757576, 0.8986092651049453, 0.9062892829441814, 0.909259934132383]","[0.8911969360308736, 0.8917946420085, 0.8971687180306905, 0.9066015693583459]",34.74880147,5,distance
,model,seed,fp_types,valid_roc_auc,test_roc_auc,valid_roc_aucs,test_roc_aucs,use_time,n_neighbors,weights
0,knn,128,AvalonFP_RDkitFP_AtomPairFP_MorganFP,0.873679937,0.873617425,"[0.8691005198803403, 0.8768080054274084, 0.8676472547530544, 0.8811639693992636]","[0.8525009167583424, 0.8758944757179659, 0.8768315750213129, 0.8892427315753888]",34.78515053,3,uniform
,model,seed,fp_types,valid_roc_auc,test_roc_auc,valid_roc_aucs,test_roc_aucs,use_time,n_neighbors,weights
0,knn,256,AvalonFP_RDkitFP_AtomPairFP_MorganFP,0.869474475,0.887668098,"[0.8566400786881215, 0.8564165205044685, 0.8714844950365411, 0.8933568075117371]","[0.8790723981900452, 0.8729063800948784, 0.8886272050385633, 0.9100664075153873]",34.77454209,3,uniform
,model,seed,fp_types,valid_roc_auc,test_roc_auc,valid_roc_aucs,test_roc_aucs,use_time,n_neighbors,weights
0,knn,512,AvalonFP_RDkitFP_AtomPairFP_MorganFP,0.877573569,0.877361737,"[0.8591630099390631, 0.8730319325867613, 0.8860775983005331, 0.8920217350319158]","[0.8675036075036074, 0.8833163091590057, 0.8760257366654234, 0.882601293837249]",34.70646286,3,uniform
,model,seed,fp_types,valid_roc_auc,test_roc_auc,valid_roc_aucs,test_roc_aucs,use_time,,
0,xgb,1,AvalonFP_RDkitFP_AtomPairFP_MorganFP,0.921715792,0.919456636,"[0.9154374537155985, 0.9262755349017331, 0.914348701939753, 0.9308014755197853]","[0.9219455501425856, 0.9113572082473663, 0.9221798445063811, 0.9223439426581576]",363.6846297,,
,model,seed,fp_types,valid_roc_auc,test_roc_auc,valid_roc_aucs,test_roc_aucs,use_time,,
0,xgb,2,AvalonFP_RDkitFP_AtomPairFP_MorganFP,0.917541738,0.915917984,"[0.9160250203636251, 0.9163576260121951, 0.9130827248656023, 0.9247015795185082]","[0.9061108362196932, 0.9172819391739536, 0.9145618573886141, 0.925717303291674]",368.2295382,,
,model,seed,fp_types,valid_roc_auc,test_roc_auc,valid_roc_aucs,test_roc_aucs,use_time,,
0,xgb,4,AvalonFP_RDkitFP_AtomPairFP_MorganFP,0.917922441,0.923437091,"[0.9101695175741927, 0.9133841905808433, 0.9168207953037674, 0.9313152610441767]","[0.9257047724750278, 0.9190105663682899, 0.9257461045279447, 0.9232869205163595]",363.4458272,,
,model,seed,fp_types,valid_roc_auc,test_roc_auc,valid_roc_aucs,test_roc_aucs,use_time,,
0,xgb,8,AvalonFP_RDkitFP_AtomPairFP_MorganFP,0.91304471,0.923673656,"[0.9059232414448668, 0.9017232021709634, 0.9161139082021363, 0.9284184868970345]","[0.9163125959717936, 0.9220634855284287, 0.9238534679344419, 0.9324650750835379]",363.1854708,,
,model,seed,fp_types,valid_roc_auc,test_roc_auc,valid_roc_aucs,test_roc_aucs,use_time,,
0,xgb,16,AvalonFP_RDkitFP_AtomPairFP_MorganFP,0.921732263,0.918583507,"[0.910321642082712, 0.9206540377235242, 0.9279517012514493, 0.9280016707762373]","[0.906615632203906, 0.916110381433388, 0.9224411231884059, 0.9291668914908542]",367.9796736,,
,model,seed,fp_types,valid_roc_auc,test_roc_auc,valid_roc_aucs,test_roc_aucs,use_time,,
0,xgb,32,AvalonFP_RDkitFP_AtomPairFP_MorganFP,0.912097319,0.928920421,"[0.9021605660156707, 0.9076528054415132, 0.91693640771526, 0.921639498689384]","[0.9232225541448843, 0.9271091136555251, 0.9289396219880923, 0.9364103922927454]",366.3289089,,
,model,seed,fp_types,valid_roc_auc,test_roc_auc,valid_roc_aucs,test_roc_aucs,use_time,,
0,xgb,64,AvalonFP_RDkitFP_AtomPairFP_MorganFP,0.925626994,0.923694409,"[0.9226598173515982, 0.9195810489007032, 0.9272178983123379, 0.9330492117481913]","[0.9209083732896737, 0.9228447866172416, 0.9257479486359761, 0.9252765285037073]",367.3256059,,
,model,seed,fp_types,valid_roc_auc,test_roc_auc,valid_roc_aucs,test_roc_aucs,use_time,,
0,xgb,128,AvalonFP_RDkitFP_AtomPairFP_MorganFP,0.917274132,0.920905738,"[0.9127530423165172, 0.9154070556309363, 0.912886206483073, 0.9280502221678693]","[0.9155298863219656, 0.9209726443768997, 0.9197370524296675, 0.9273833671399595]",364.0669365,,
,model,seed,fp_types,valid_roc_auc,test_roc_auc,valid_roc_aucs,test_roc_aucs,use_time,,
0,xgb,256,AvalonFP_RDkitFP_AtomPairFP_MorganFP,0.912399122,0.925381455,"[0.9076644074569289, 0.9057253821097468, 0.9134367442916883, 0.9227699530516433]","[0.9220927601809954, 0.9184854017122388, 0.9246016919751275, 0.9363459669582119]",364.4415033,,
,model,seed,fp_types,valid_roc_auc,test_roc_auc,valid_roc_aucs,test_roc_aucs,use_time,,
0,xgb,512,AvalonFP_RDkitFP_AtomPairFP_MorganFP,0.92092452,0.925644323,"[0.9154210534476609, 0.915501302805189, 0.9220376234184403, 0.930738102292009]","[0.9205916305916306, 0.9253251617296561, 0.9310425214472212, 0.9256179775280898]",367.5717034,,
,model,seed,fp_types,valid_roc_auc,test_roc_auc,valid_roc_aucs,test_roc_aucs,use_time,,
0,xgb,1,AvalonFP_RDkitFP_AtomPairFP_MorganFP,0.921715792,0.919456636,"[0.9154374537155985, 0.9262755349017331, 0.914348701939753, 0.9308014755197853]","[0.9219455501425856, 0.9113572082473663, 0.9221798445063811, 0.9223439426581576]",362.9406111,,
,model,seed,fp_types,valid_roc_auc,test_roc_auc,valid_roc_aucs,test_roc_aucs,use_time,,
0,xgb,1,Property_Constitution_Autocorr_Fragment_Charge_Estate_MOE_Connectivity_Topology_Kappa_Path_Matrix_InfoContent,0.916912018,0.913363647,"[0.9115155591155713, 0.9170850448805721, 0.9105665839536808, 0.9284808853118711]","[0.9034317074619773, 0.9079754601226994, 0.9213463667035618, 0.9207010555126485]",172.2919273,,
,model,seed,fp_types,valid_roc_auc,test_roc_auc,valid_roc_aucs,test_roc_aucs,use_time,,
0,xgb,2,Property_Constitution_Autocorr_Fragment_Charge_Estate_MOE_Connectivity_Topology_Kappa_Path_Matrix_InfoContent,0.910785907,0.911084362,"[0.91171407933361, 0.9039473866966679, 0.9092513840969269, 0.918230778505687]","[0.903441890453271, 0.9068051201671892, 0.9097610252443757, 0.92432941112751]",170.746362,,
,model,seed,fp_types,valid_roc_auc,test_roc_auc,valid_roc_aucs,test_roc_aucs,use_time,,
0,xgb,4,Property_Constitution_Autocorr_Fragment_Charge_Estate_MOE_Connectivity_Topology_Kappa_Path_Matrix_InfoContent,0.913620991,0.917682214,"[0.909923617194584, 0.9109434653367707, 0.9072547679358826, 0.9263621151271753]","[0.9195930447650759, 0.9079514658782952, 0.917921837303227, 0.9252625098102893]",171.7742839,,
,model,seed,fp_types,valid_roc_auc,test_roc_auc,valid_roc_aucs,test_roc_aucs,use_time,,
0,xgb,8,Property_Constitution_Autocorr_Fragment_Charge_Estate_MOE_Connectivity_Topology_Kappa_Path_Matrix_InfoContent,0.900712663,0.920031068,"[0.8879440945817489, 0.8902170963364993, 0.9069634247049735, 0.9177260362519862]","[0.9100958599818121, 0.9156408250648441, 0.9204262072092496, 0.9339613779406042]",171.4900646,,
,model,seed,fp_types,valid_roc_auc,test_roc_auc,valid_roc_aucs,test_roc_aucs,use_time,,
0,xgb,16,Property_Constitution_Autocorr_Fragment_Charge_Estate_MOE_Connectivity_Topology_Kappa_Path_Matrix_InfoContent,0.918831846,0.918260449,"[0.9094495027720279, 0.9208853868974716, 0.9273186464622233, 0.9176738483096866]","[0.9067533672596524, 0.9099291836485992, 0.9227408354646207, 0.9336184104030648]",172.8736444,,
,model,seed,fp_types,valid_roc_auc,test_roc_auc,valid_roc_aucs,test_roc_aucs,use_time,,
0,xgb,32,Property_Constitution_Autocorr_Fragment_Charge_Estate_MOE_Connectivity_Topology_Kappa_Path_Matrix_InfoContent,0.906223548,0.915368777,"[0.8955312244181967, 0.9022397463517744, 0.9053608535805626, 0.921762368938401]","[0.9168969380134429, 0.9076089912698196, 0.9152137139203751, 0.9217554658731129]",172.6668551,,
,model,seed,fp_types,valid_roc_auc,test_roc_auc,valid_roc_aucs,test_roc_aucs,use_time,,
0,xgb,64,Property_Constitution_Autocorr_Fragment_Charge_Estate_MOE_Connectivity_Topology_Kappa_Path_Matrix_InfoContent,0.915025174,0.919367698,"[0.9073859930024313, 0.9080238965498146, 0.9141993634491429, 0.9304914426087895]","[0.9122836510349668, 0.9202920689233778, 0.9212189631287298, 0.9236761071269397]",173.5124779,,
,model,seed,fp_types,valid_roc_auc,test_roc_auc,valid_roc_aucs,test_roc_aucs,use_time,,
0,xgb,128,Property_Constitution_Autocorr_Fragment_Charge_Estate_MOE_Connectivity_Topology_Kappa_Path_Matrix_InfoContent,0.90978798,0.907797294,"[0.8991170747291685, 0.9111329715061058, 0.907530276989488, 0.921371597842186]","[0.8982838283828383, 0.9058977469434488, 0.904891304347826, 0.9221162947937795]",172.5043104,,
,model,seed,fp_types,valid_roc_auc,test_roc_auc,valid_roc_aucs,test_roc_aucs,use_time,,
0,xgb,256,Property_Constitution_Autocorr_Fragment_Charge_Estate_MOE_Connectivity_Topology_Kappa_Path_Matrix_InfoContent,0.909282068,0.916982335,"[0.9056895200331966, 0.9076463710014199, 0.9091847368632009, 0.9146076458752516]","[0.9106787330316742, 0.9108197446855595, 0.9140868938645886, 0.9323439693337652]",172.0433798,,
,model,seed,fp_types,valid_roc_auc,test_roc_auc,valid_roc_aucs,test_roc_aucs,use_time,,
0,xgb,512,Property_Constitution_Autocorr_Fragment_Charge_Estate_MOE_Connectivity_Topology_Kappa_Path_Matrix_InfoContent,0.912041346,0.915465252,"[0.9012528491464189, 0.9103212662157668, 0.9145256322898713, 0.922065636025748]","[0.9099422799422799, 0.9141709227102486, 0.9174481803165131, 0.9202996254681648]",172.9298086,,
,model,seed,fp_types,valid_roc_auc,test_roc_auc,valid_roc_aucs,test_roc_aucs,use_time,,
0,xgb,1,MACCSFP_PharmacoErGFP_PubChemFP,0.916914897,0.917766181,"[0.9133933834086478, 0.9171853173450617, 0.9083820272686038, 0.9286988598256204]","[0.9093133614543726, 0.9110975993004222, 0.9243668902609786, 0.9262868718073791]",93.78566241,,
,model,seed,fp_types,valid_roc_auc,test_roc_auc,valid_roc_aucs,test_roc_aucs,use_time,,
0,xgb,2,MACCSFP_PharmacoErGFP_PubChemFP,0.908233647,0.912244469,"[0.9086134292344813, 0.9078086586941123, 0.9041295568215251, 0.9123829428077649]","[0.904941298187216, 0.9138584117032393, 0.9163154946857456, 0.9138626731480103]",94.0556488,,
,model,seed,fp_types,valid_roc_auc,test_roc_auc,valid_roc_aucs,test_roc_aucs,use_time,,
0,xgb,4,MACCSFP_PharmacoErGFP_PubChemFP,0.909122395,0.918397621,"[0.8996803295065087, 0.9080941915669948, 0.9082163966064895, 0.9204986613119144]","[0.9220828708842027, 0.9166871971750019, 0.9202511229889501, 0.9145692944710562]",93.19791627,,
,model,seed,fp_types,valid_roc_auc,test_roc_auc,valid_roc_aucs,test_roc_aucs,use_time,,
0,xgb,8,MACCSFP_PharmacoErGFP_PubChemFP,0.908849051,0.914316691,"[0.8998336501901142, 0.8982123473541384, 0.9128639548203202, 0.9244862506396618]","[0.9058246492836591, 0.9144949016701662, 0.9094776427914173, 0.9274695707019874]",94.18710065,,
,model,seed,fp_types,valid_roc_auc,test_roc_auc,valid_roc_aucs,test_roc_aucs,use_time,,
0,xgb,16,MACCSFP_PharmacoErGFP_PubChemFP,0.911560588,0.919551383,"[0.9004965042050866, 0.9095935058925995, 0.9206882305119081, 0.9154641119959038]","[0.9073478027634001, 0.9134903118356735, 0.9246157022591645, 0.9327517131603087]",93.39601731,,
,model,seed,fp_types,valid_roc_auc,test_roc_auc,valid_roc_aucs,test_roc_aucs,use_time,,
0,xgb,32,MACCSFP_PharmacoErGFP_PubChemFP,0.905959756,0.914702355,"[0.893528534674307, 0.8976024009864098, 0.90463155370844, 0.9280765345128877]","[0.9137528005974608, 0.909104816557426, 0.9168120729384498, 0.9191397279632574]",93.28959489,,
,model,seed,fp_types,valid_roc_auc,test_roc_auc,valid_roc_aucs,test_roc_aucs,use_time,,
0,xgb,64,MACCSFP_PharmacoErGFP_PubChemFP,0.919148955,0.921796855,"[0.9132383027930973, 0.913509996123387, 0.9199229719971114, 0.9299245491847533]","[0.9181382294468483, 0.9223695466210436, 0.9242460571184997, 0.9224335858892806]",93.58567905,,
,model,seed,fp_types,valid_roc_auc,test_roc_auc,valid_roc_aucs,test_roc_aucs,use_time,,
0,xgb,128,MACCSFP_PharmacoErGFP_PubChemFP,0.900398481,0.907067203,"[0.8975813946734048, 0.9041994572591587, 0.8926615772013269, 0.9071514953867895]","[0.8991675834250091, 0.9081467144629056, 0.9041120524296675, 0.9168424611223799]",93.91951895,,
,model,seed,fp_types,valid_roc_auc,test_roc_auc,valid_roc_aucs,test_roc_aucs,use_time,,
0,xgb,256,MACCSFP_PharmacoErGFP_PubChemFP,0.906307844,0.922062859,"[0.9076298277160465, 0.9039783958350733, 0.9053669485750931, 0.9082562038900067]","[0.9150829562594267, 0.9175622035046955, 0.9207753996423902, 0.9348308767951626]",94.15645123,,
,model,seed,fp_types,valid_roc_auc,test_roc_auc,valid_roc_aucs,test_roc_aucs,use_time,,
0,xgb,512,MACCSFP_PharmacoErGFP_PubChemFP,0.912658996,0.918663122,"[0.9007217837594779, 0.9147113039139594, 0.9168136331449491, 0.9183892644563547]","[0.9165584415584416, 0.9206571331290433, 0.9234294239889168, 0.9140074906367041]",94.19672132,,
,model,seed,fp_types,valid_roc_auc,test_roc_auc,valid_roc_aucs,test_roc_aucs,use_time,,
0,xgb,1,Property_Constitution_Autocorr_Fragment_Charge_Estate_MOE_Connectivity_Topology_Kappa_Path_Matrix_InfoContent_MACCSFP_PharmacoErGFP_PubChemFP,0.920847592,0.913316807,"[0.9164122598878595, 0.9198338934760659, 0.9176438805731209, 0.9295003353454058]","[0.9048352839828897, 0.9121360350881986, 0.9171056316428181, 0.9191902768180155]",199.5083959,,
,model,seed,fp_types,valid_roc_auc,test_roc_auc,valid_roc_aucs,test_roc_aucs,use_time,,
0,xgb,2,Property_Constitution_Autocorr_Fragment_Charge_Estate_MOE_Connectivity_Topology_Kappa_Path_Matrix_InfoContent_MACCSFP_PharmacoErGFP_PubChemFP,0.91382507,0.915664725,"[0.9144958273779336, 0.9078017139603038, 0.9087164674102007, 0.9242862693085755]","[0.9062157947610694, 0.9096030633008854, 0.9158487471161668, 0.9309912935154971]",197.7725444,,
,model,seed,fp_types,valid_roc_auc,test_roc_auc,valid_roc_aucs,test_roc_aucs,use_time,,
0,xgb,4,Property_Constitution_Autocorr_Fragment_Charge_Estate_MOE_Connectivity_Topology_Kappa_Path_Matrix_InfoContent_MACCSFP_PharmacoErGFP_PubChemFP,0.913708085,0.918383855,"[0.9089169625155609, 0.9116549032867025, 0.9081326310428478, 0.926127844712182]","[0.9150573436921937, 0.9101550737729599, 0.9212608133505725, 0.9270621904684583]",198.6673169,,
,model,seed,fp_types,valid_roc_auc,test_roc_auc,valid_roc_aucs,test_roc_aucs,use_time,,
0,xgb,8,Property_Constitution_Autocorr_Fragment_Charge_Estate_MOE_Connectivity_Topology_Kappa_Path_Matrix_InfoContent_MACCSFP_PharmacoErGFP_PubChemFP,0.904426773,0.920583544,"[0.8921622504752851, 0.892381275440977, 0.9115120274914089, 0.9216515392280966]","[0.9115568674806567, 0.9150507088256687, 0.9219598063664369, 0.9337667914704028]",198.0371437,,
,model,seed,fp_types,valid_roc_auc,test_roc_auc,valid_roc_aucs,test_roc_aucs,use_time,,
0,xgb,16,Property_Constitution_Autocorr_Fragment_Charge_Estate_MOE_Connectivity_Topology_Kappa_Path_Matrix_InfoContent_MACCSFP_PharmacoErGFP_PubChemFP,0.919206141,0.918837543,"[0.9079006412576177, 0.9189461364687951, 0.9297775645382698, 0.9202002236684317]","[0.9088048946689284, 0.9079387431790178, 0.9252983802216539, 0.9333081530243349]",199.7688575,,
,model,seed,fp_types,valid_roc_auc,test_roc_auc,valid_roc_aucs,test_roc_aucs,use_time,,
0,xgb,32,Property_Constitution_Autocorr_Fragment_Charge_Estate_MOE_Connectivity_Topology_Kappa_Path_Matrix_InfoContent_MACCSFP_PharmacoErGFP_PubChemFP,0.908276656,0.917848995,"[0.8956481698047011, 0.9055187458504397, 0.9095834665387895, 0.92235624180865]","[0.9176811053024645, 0.9094923712910332, 0.9177111498861168, 0.9265113529819413]",199.3914788,,
,model,seed,fp_types,valid_roc_auc,test_roc_auc,valid_roc_aucs,test_roc_aucs,use_time,,
0,xgb,64,Property_Constitution_Autocorr_Fragment_Charge_Estate_MOE_Connectivity_Topology_Kappa_Path_Matrix_InfoContent_MACCSFP_PharmacoErGFP_PubChemFP,0.915376396,0.920573364,"[0.906622487101939, 0.9061686603533256, 0.9183984594399424, 0.9303159755965877]","[0.9131753596070635, 0.9211746574877456, 0.9244158940750213, 0.9235275448050457]",200.8013988,,
,model,seed,fp_types,valid_roc_auc,test_roc_auc,valid_roc_aucs,test_roc_aucs,use_time,,
0,xgb,128,Property_Constitution_Autocorr_Fragment_Charge_Estate_MOE_Connectivity_Topology_Kappa_Path_Matrix_InfoContent_MACCSFP_PharmacoErGFP_PubChemFP,0.910227025,0.911613575,"[0.9039818767970724, 0.9097896879240163, 0.9081564677511758, 0.9189800660388895]","[0.9044957829116245, 0.9092030476917415, 0.907961690110827, 0.9247937795807978]",199.0902638,,
,model,seed,fp_types,valid_roc_auc,test_roc_auc,valid_roc_aucs,test_roc_aucs,use_time,,
0,xgb,256,Property_Constitution_Autocorr_Fragment_Charge_Estate_MOE_Connectivity_Topology_Kappa_Path_Matrix_InfoContent_MACCSFP_PharmacoErGFP_PubChemFP,0.912153407,0.91827227,"[0.9071341847633977, 0.9088295887970155, 0.9139845284380136, 0.9186653252850434]","[0.9115460030165912, 0.9124655961716664, 0.9151610578847642, 0.9339164237123421]",199.2800019,,
,model,seed,fp_types,valid_roc_auc,test_roc_auc,valid_roc_aucs,test_roc_aucs,use_time,,
0,xgb,512,Property_Constitution_Autocorr_Fragment_Charge_Estate_MOE_Connectivity_Topology_Kappa_Path_Matrix_InfoContent_MACCSFP_PharmacoErGFP_PubChemFP,0.913511015,0.917175136,"[0.9052145194052068, 0.9105014414014857, 0.9179659839405722, 0.9203621158663039]","[0.9143290043290043, 0.917003745318352, 0.9164757286726701, 0.9208920667347634]",199.9900687,,
,model,seed,fp_types,valid_roc_auc,test_roc_auc,valid_roc_aucs,test_roc_aucs,use_time,n_estimators,
0,rf,1,Property_Constitution_Autocorr_Fragment_Charge_Estate_MOE_Connectivity_Topology_Kappa_Path_Matrix_InfoContent,0.908210735,0.899377084,"[0.9029652243565525, 0.9111862578316252, 0.9039261986712559, 0.9147652582159626]","[0.8927674964353612, 0.8957567600803422, 0.9018563217624389, 0.9071277590341855]",7.437331676,500,
,model,seed,fp_types,valid_roc_auc,test_roc_auc,valid_roc_aucs,test_roc_aucs,use_time,n_estimators,
0,rf,2,Property_Constitution_Autocorr_Fragment_Charge_Estate_MOE_Connectivity_Topology_Kappa_Path_Matrix_InfoContent,0.899223332,0.896241545,"[0.9072494505663393, 0.8961171993277497, 0.8910240979967369, 0.9025025789424326]","[0.8873644910260446, 0.8936025408348458, 0.8999126515262644, 0.904086496147753]",7.496673346,500,
,model,seed,fp_types,valid_roc_auc,test_roc_auc,valid_roc_aucs,test_roc_aucs,use_time,n_estimators,
0,rf,4,Property_Constitution_Autocorr_Fragment_Charge_Estate_MOE_Connectivity_Topology_Kappa_Path_Matrix_InfoContent,0.900316001,0.911488728,"[0.8967525781117924, 0.8971936942648241, 0.8952260329969307, 0.9120917001338689]","[0.911890492045875, 0.9039890777695654, 0.9134898631086468, 0.9165854780655462]",7.440558672,500,
,model,seed,fp_types,valid_roc_auc,test_roc_auc,valid_roc_aucs,test_roc_aucs,use_time,n_estimators,
0,rf,8,Property_Constitution_Autocorr_Fragment_Charge_Estate_MOE_Connectivity_Topology_Kappa_Path_Matrix_InfoContent,0.895691377,0.908315043,"[0.8863994177756654, 0.8859701492537314, 0.9022782972375397, 0.9081176438902208]","[0.896879705413182, 0.9057083453415126, 0.9102244389027432, 0.9204476830790289]",7.72865963,500,
,model,seed,fp_types,valid_roc_auc,test_roc_auc,valid_roc_aucs,test_roc_aucs,use_time,n_estimators,
0,rf,16,Property_Constitution_Autocorr_Fragment_Charge_Estate_MOE_Connectivity_Topology_Kappa_Path_Matrix_InfoContent,0.906336435,0.913582515,"[0.8905519447620979, 0.9114511036716475, 0.9166366798608613, 0.9067060107522534]","[0.9021899873863686, 0.9108194656953679, 0.9231071504688833, 0.9182134570765661]",7.73136282,500,
,model,seed,fp_types,valid_roc_auc,test_roc_auc,valid_roc_aucs,test_roc_aucs,use_time,n_estimators,
0,rf,32,Property_Constitution_Autocorr_Fragment_Charge_Estate_MOE_Connectivity_Topology_Kappa_Path_Matrix_InfoContent,0.898530848,0.908715857,"[0.882773213659221, 0.8991707654160399, 0.9026767636402386, 0.9095026485364787]","[0.8999365197908888, 0.9025095868802524, 0.9143612557774018, 0.9180560651148886]",7.567332983,500,
,model,seed,fp_types,valid_roc_auc,test_roc_auc,valid_roc_aucs,test_roc_aucs,use_time,n_estimators,
0,rf,64,Property_Constitution_Autocorr_Fragment_Charge_Estate_MOE_Connectivity_Topology_Kappa_Path_Matrix_InfoContent,0.905390309,0.916295159,"[0.8958259206546878, 0.8978927839618984, 0.9073223407954212, 0.9205201922038659]","[0.9100105250847853, 0.9190292883620513, 0.9197037510656437, 0.9164370703510123]",7.433527231,500,
,model,seed,fp_types,valid_roc_auc,test_roc_auc,valid_roc_aucs,test_roc_aucs,use_time,n_estimators,
0,rf,128,Property_Constitution_Autocorr_Fragment_Charge_Estate_MOE_Connectivity_Topology_Kappa_Path_Matrix_InfoContent,0.895959097,0.89782323,"[0.887368940780111, 0.8986702849389416, 0.8978576282025661, 0.8999395322924735]","[0.8923175650898425, 0.89820355200567, 0.8920902600170504, 0.9086815415821501]",7.612357855,500,
,model,seed,fp_types,valid_roc_auc,test_roc_auc,valid_roc_aucs,test_roc_aucs,use_time,n_estimators,
0,rf,256,Property_Constitution_Autocorr_Fragment_Charge_Estate_MOE_Connectivity_Topology_Kappa_Path_Matrix_InfoContent,0.907794077,0.897035545,"[0.9029692470837751, 0.9104582532921295, 0.9085066869747618, 0.9092421193829645]","[0.8928469079939669, 0.8941918039362129, 0.8926770035494116, 0.9084264658244249]",7.624440193,500,
,model,seed,fp_types,valid_roc_auc,test_roc_auc,valid_roc_aucs,test_roc_aucs,use_time,n_estimators,
0,rf,512,Property_Constitution_Autocorr_Fragment_Charge_Estate_MOE_Connectivity_Topology_Kappa_Path_Matrix_InfoContent,0.899176215,0.903768259,"[0.8905656427829378, 0.8956958920057656, 0.9059414538992878, 0.9045018718521909]","[0.8980952380952381, 0.904494382022472, 0.9071242073853039, 0.9053592100783112]",7.485824585,500,
,model,seed,fp_types,valid_roc_auc,test_roc_auc,valid_roc_aucs,test_roc_aucs,use_time,n_estimators,
0,rf,1,MACCSFP_PharmacoErGFP_PubChemFP,0.91220519,0.90925012,"[0.9122976710444783, 0.9117775196049956, 0.9018817204301076, 0.9228638497652583]","[0.9030343987642586, 0.9021923292387992, 0.9147818955285583, 0.916991856699592]",3.418149233,500,
,model,seed,fp_types,valid_roc_auc,test_roc_auc,valid_roc_aucs,test_roc_aucs,use_time,n_estimators,
0,rf,2,MACCSFP_PharmacoErGFP_PubChemFP,0.902031014,0.905918355,"[0.9012325756527887, 0.8976346236648749, 0.8954839658723155, 0.9137728923006846]","[0.8933508764038205, 0.9073103998240115, 0.9052769146652087, 0.9177352307963116]",3.527307034,500,
,model,seed,fp_types,valid_roc_auc,test_roc_auc,valid_roc_aucs,test_roc_aucs,use_time,n_estimators,
0,rf,4,MACCSFP_PharmacoErGFP_PubChemFP,0.902913938,0.907875392,"[0.8906895968770652, 0.8999091331727316, 0.9018334606569901, 0.9192235609103079]","[0.9125897151313355, 0.8995339574607867, 0.9068552310624741, 0.912522665151146]",3.451488018,500,
,model,seed,fp_types,valid_roc_auc,test_roc_auc,valid_roc_aucs,test_roc_aucs,use_time,n_estimators,
0,rf,8,MACCSFP_PharmacoErGFP_PubChemFP,0.898811968,0.909145135,"[0.8925187143536121, 0.8869470827679782, 0.8977496736727137, 0.9180324005494357]","[0.8913897461126766, 0.9069023014533327, 0.9143751583607826, 0.9239133352120992]",3.442122698,500,
,model,seed,fp_types,valid_roc_auc,test_roc_auc,valid_roc_aucs,test_roc_aucs,use_time,n_estimators,
0,rf,16,MACCSFP_PharmacoErGFP_PubChemFP,0.901323527,0.91114041,"[0.8856701359234544, 0.9002782994474837, 0.910076233124092, 0.9092694396162605]","[0.9014614414336044, 0.9047059699673675, 0.9158607736572889, 0.9225334538390979]",3.522633791,500,
,model,seed,fp_types,valid_roc_auc,test_roc_auc,valid_roc_aucs,test_roc_aucs,use_time,n_estimators,
0,rf,32,MACCSFP_PharmacoErGFP_PubChemFP,0.90419068,0.914440357,"[0.8963790784703544, 0.8975685270246467, 0.8993632779198636, 0.9234518348623855]","[0.908883495145631, 0.9080917348853654, 0.9161194506972842, 0.92466674819616]",3.471641302,500,
,model,seed,fp_types,valid_roc_auc,test_roc_auc,valid_roc_aucs,test_roc_aucs,use_time,n_estimators,
0,rf,64,MACCSFP_PharmacoErGFP_PubChemFP,0.909571017,0.913201449,"[0.9070227717487992, 0.9036523231987594, 0.9099367461017946, 0.9176722276212071]","[0.9083586715004093, 0.9143923038277186, 0.9125372975277067, 0.9175175236011507]",3.643922091,500,
,model,seed,fp_types,valid_roc_auc,test_roc_auc,valid_roc_aucs,test_roc_aucs,use_time,n_estimators,
0,rf,128,MACCSFP_PharmacoErGFP_PubChemFP,0.896162513,0.893551627,"[0.8900990386570242, 0.9002815468113975, 0.8907630201047204, 0.9035064476240946]","[0.8898569856985699, 0.895862581269508, 0.8889399509803921, 0.8995469912102773]",3.41241312,500,
,model,seed,fp_types,valid_roc_auc,test_roc_auc,valid_roc_aucs,test_roc_aucs,use_time,n_estimators,
0,rf,256,MACCSFP_PharmacoErGFP_PubChemFP,0.895704072,0.908861876,"[0.8942359414142347, 0.888885408836549, 0.8972804521223295, 0.9024144869215291]","[0.9051055806938161, 0.9010483659045959, 0.9014037522350616, 0.9278898067163373]",3.551097155,500,
,model,seed,fp_types,valid_roc_auc,test_roc_auc,valid_roc_aucs,test_roc_aucs,use_time,n_estimators,
0,rf,512,MACCSFP_PharmacoErGFP_PubChemFP,0.905588452,0.908338334,"[0.8974307289163166, 0.8999057545182393, 0.9106343607626225, 0.9143829621050931]","[0.9040512265512266, 0.9102723867892407, 0.9071774924068845, 0.9118522301668369]",3.519502401,500,
,model,seed,fp_types,valid_roc_auc,test_roc_auc,valid_roc_aucs,test_roc_aucs,use_time,n_estimators,
0,rf,1,Property_Constitution_Autocorr_Fragment_Charge_Estate_MOE_Connectivity_Topology_Kappa_Path_Matrix_InfoContent_MACCSFP_PharmacoErGFP_PubChemFP,0.912127027,0.901822719,"[0.905402239787205, 0.9159647594152387, 0.9077950318845219, 0.9193460764587525]","[0.8960425083174903, 0.8970274775574897, 0.9037633189752889, 0.9104575694754955]",6.163093567,500,
,model,seed,fp_types,valid_roc_auc,test_roc_auc,valid_roc_aucs,test_roc_aucs,use_time,n_estimators,
0,rf,2,Property_Constitution_Autocorr_Fragment_Charge_Estate_MOE_Connectivity_Topology_Kappa_Path_Matrix_InfoContent_MACCSFP_PharmacoErGFP_PubChemFP,0.901771983,0.897467864,"[0.9077873576467334, 0.8992874703112628, 0.8934947444435528, 0.9065183607304101]","[0.888534029058522, 0.8951218170818896, 0.8995225839145451, 0.9066930253341097]",6.251179695,500,
,model,seed,fp_types,valid_roc_auc,test_roc_auc,valid_roc_aucs,test_roc_aucs,use_time,n_estimators,
0,rf,4,Property_Constitution_Autocorr_Fragment_Charge_Estate_MOE_Connectivity_Topology_Kappa_Path_Matrix_InfoContent_MACCSFP_PharmacoErGFP_PubChemFP,0.90216062,0.912865457,"[0.8988043094041527, 0.9004515165603032, 0.8957822363395119, 0.9136044176706828]","[0.9134258231594524, 0.9056315184363964, 0.9151593511323195, 0.9172451354496495]",6.101682425,500,
,model,seed,fp_types,valid_roc_auc,test_roc_auc,valid_roc_aucs,test_roc_aucs,use_time,n_estimators,
0,rf,8,Property_Constitution_Autocorr_Fragment_Charge_Estate_MOE_Connectivity_Topology_Kappa_Path_Matrix_InfoContent_MACCSFP_PharmacoErGFP_PubChemFP,0.895393578,0.911064113,"[0.887572778041825, 0.8860142469470829, 0.900280375076587, 0.9077069137332006]","[0.8995706426942173, 0.9083775920512714, 0.9134483310440478, 0.9228598843216984]",6.227637291,500,
,model,seed,fp_types,valid_roc_auc,test_roc_auc,valid_roc_aucs,test_roc_aucs,use_time,n_estimators,
0,rf,16,Property_Constitution_Autocorr_Fragment_Charge_Estate_MOE_Connectivity_Topology_Kappa_Path_Matrix_InfoContent_MACCSFP_PharmacoErGFP_PubChemFP,0.906779259,0.916929399,"[0.8902841509488587, 0.9115667782586211, 0.9163301480681834, 0.9089359580689061]","[0.9072318153480348, 0.9152099440781011, 0.9252783994032396, 0.9199974370042625]",6.32352829,500,
,model,seed,fp_types,valid_roc_auc,test_roc_auc,valid_roc_aucs,test_roc_aucs,use_time,n_estimators,
0,rf,32,Property_Constitution_Autocorr_Fragment_Charge_Estate_MOE_Connectivity_Topology_Kappa_Path_Matrix_InfoContent_MACCSFP_PharmacoErGFP_PubChemFP,0.901700983,0.913185244,"[0.8860696117413168, 0.9017011503597415, 0.9060901534526855, 0.9129430155089558]","[0.9069977595220313, 0.9078877587097826, 0.9165789789149806, 0.9212764801000095]",6.198916435,500,
,model,seed,fp_types,valid_roc_auc,test_roc_auc,valid_roc_aucs,test_roc_aucs,use_time,n_estimators,
0,rf,64,Property_Constitution_Autocorr_Fragment_Charge_Estate_MOE_Connectivity_Topology_Kappa_Path_Matrix_InfoContent_MACCSFP_PharmacoErGFP_PubChemFP,0.908427204,0.920385492,"[0.9001845756982744, 0.9020289915268318, 0.9111302789590521, 0.9203649713853796]","[0.9122471056016841, 0.9234795714693065, 0.9230305573316283, 0.9227847331955755]",6.131540775,500,
,model,seed,fp_types,valid_roc_auc,test_roc_auc,valid_roc_aucs,test_roc_aucs,use_time,n_estimators,
0,rf,128,Property_Constitution_Autocorr_Fragment_Charge_Estate_MOE_Connectivity_Topology_Kappa_Path_Matrix_InfoContent_MACCSFP_PharmacoErGFP_PubChemFP,0.896370218,0.90069889,"[0.8856589991577358, 0.8999253731343284, 0.898713644297001, 0.9011828570652098]","[0.8955922258892556, 0.89931440565922, 0.8958233429241262, 0.9120655848546315]",6.320072651,500,
,model,seed,fp_types,valid_roc_auc,test_roc_auc,valid_roc_aucs,test_roc_aucs,use_time,n_estimators,
0,rf,256,Property_Constitution_Autocorr_Fragment_Charge_Estate_MOE_Connectivity_Topology_Kappa_Path_Matrix_InfoContent_MACCSFP_PharmacoErGFP_PubChemFP,0.909268453,0.903101771,"[0.9058393655770206, 0.9114431081043459, 0.9101199780886342, 0.9096713615023473]","[0.8985407239819005, 0.9004467311176576, 0.9000193482960155, 0.9134002807472196]",6.186598063,500,
,model,seed,fp_types,valid_roc_auc,test_roc_auc,valid_roc_aucs,test_roc_aucs,use_time,n_estimators,
0,rf,512,Property_Constitution_Autocorr_Fragment_Charge_Estate_MOE_Connectivity_Topology_Kappa_Path_Matrix_InfoContent_MACCSFP_PharmacoErGFP_PubChemFP,0.90201622,0.90575517,"[0.894011753213527, 0.8988662822929371, 0.9063756730396676, 0.9088111718602709]","[0.9007792207792208, 0.9051276813074566, 0.9100249107475888, 0.9070888661899899]",6.237907887,500,
,model,seed,fp_types,valid_roc_auc,test_roc_auc,valid_roc_aucs,test_roc_aucs,use_time,n_neighbors,weights
0,knn,1,Property_Constitution_Autocorr_Fragment_Charge_Estate_MOE_Connectivity_Topology_Kappa_Path_Matrix_InfoContent,0.791844747,0.780241684,"[0.7867819305696193, 0.7869625050136232, 0.7838089330024813, 0.8098256203890006]","[0.7724015268536122, 0.7720565127686612, 0.788580020536893, 0.7879286749861119]",5.693444967,1,uniform
,model,seed,fp_types,valid_roc_auc,test_roc_auc,valid_roc_aucs,test_roc_aucs,use_time,n_neighbors,weights
0,knn,2,Property_Constitution_Autocorr_Fragment_Charge_Estate_MOE_Connectivity_Topology_Kappa_Path_Matrix_InfoContent,0.787707745,0.78065553,"[0.7701984108687969, 0.7767094462269262, 0.791603145310118, 0.8123199764210978]","[0.757920621354565, 0.7651068305560138, 0.7838492005280915, 0.8157454673472981]",5.759967804,1,uniform
,model,seed,fp_types,valid_roc_auc,test_roc_auc,valid_roc_aucs,test_roc_aucs,use_time,n_neighbors,weights
0,knn,4,Property_Constitution_Autocorr_Fragment_Charge_Estate_MOE_Connectivity_Topology_Kappa_Path_Matrix_InfoContent,0.872179526,0.859975297,"[0.8604207970246054, 0.8691517687333586, 0.869788106630212, 0.8893574297188754]","[0.8624491305956345, 0.8512017190878979, 0.8647614731482345, 0.861488863630213]",5.735133648,5,distance
,model,seed,fp_types,valid_roc_auc,test_roc_auc,valid_roc_aucs,test_roc_aucs,use_time,n_neighbors,weights
0,knn,8,Property_Constitution_Autocorr_Fragment_Charge_Estate_MOE_Connectivity_Topology_Kappa_Path_Matrix_InfoContent,0.851177039,0.848175563,"[0.8359857711501901, 0.8386804613297151, 0.8613375422893523, 0.8687043820194458]","[0.8428522444354996, 0.8451425199335776, 0.8565151292890767, 0.8481923587906115]",5.685951471,3,distance
,model,seed,fp_types,valid_roc_auc,test_roc_auc,valid_roc_aucs,test_roc_aucs,use_time,n_neighbors,weights
0,knn,16,Property_Constitution_Autocorr_Fragment_Charge_Estate_MOE_Connectivity_Topology_Kappa_Path_Matrix_InfoContent,0.872370215,0.869411255,"[0.8541066543143754, 0.8737616014806346, 0.886210067570269, 0.8754025358071601]","[0.848614675307729, 0.8606522416151002, 0.8812173646632566, 0.8871607403010844]",5.708867311,7,distance
,model,seed,fp_types,valid_roc_auc,test_roc_auc,valid_roc_aucs,test_roc_aucs,use_time,n_neighbors,weights
0,knn,32,Property_Constitution_Autocorr_Fragment_Charge_Estate_MOE_Connectivity_Topology_Kappa_Path_Matrix_InfoContent,0.844401028,0.861697764,"[0.8388017483335284, 0.8416053547958755, 0.8437300191815857, 0.8534669888597641]","[0.8520388349514565, 0.8613675922652233, 0.8628874355661521, 0.8704971940266057]",5.660813093,3,uniform
,model,seed,fp_types,valid_roc_auc,test_roc_auc,valid_roc_aucs,test_roc_aucs,use_time,n_neighbors,weights
0,knn,64,Property_Constitution_Autocorr_Fragment_Charge_Estate_MOE_Connectivity_Topology_Kappa_Path_Matrix_InfoContent,0.791747908,0.784739545,"[0.7947651663405088, 0.7793065016337154, 0.793472010484367, 0.7994479537846885]","[0.7678487896152497, 0.772166551251239, 0.798809809249787, 0.8001330308064233]",5.736240387,1,uniform
,model,seed,fp_types,valid_roc_auc,test_roc_auc,valid_roc_aucs,test_roc_aucs,use_time,n_neighbors,weights
0,knn,128,Property_Constitution_Autocorr_Fragment_Charge_Estate_MOE_Connectivity_Topology_Kappa_Path_Matrix_InfoContent,0.776293391,0.77988416,"[0.7590724928117104, 0.7794606512890094, 0.7708208428261188, 0.79581957523134]","[0.7564539787312066, 0.7759278694781033, 0.7819992806905371, 0.8051555104800541]",5.767722845,1,uniform
,model,seed,fp_types,valid_roc_auc,test_roc_auc,valid_roc_aucs,test_roc_aucs,use_time,n_neighbors,weights
0,knn,256,Property_Constitution_Autocorr_Fragment_Charge_Estate_MOE_Connectivity_Topology_Kappa_Path_Matrix_InfoContent,0.857055721,0.863628409,"[0.8403453363456129, 0.8512764831983073, 0.8582174302243244, 0.8783836351441985]","[0.861025641025641, 0.8595978036872605, 0.8551446451922822, 0.8787455458373825]",5.745402098,5,distance
,model,seed,fp_types,valid_roc_auc,test_roc_auc,valid_roc_aucs,test_roc_aucs,use_time,n_neighbors,weights
0,knn,512,Property_Constitution_Autocorr_Fragment_Charge_Estate_MOE_Connectivity_Topology_Kappa_Path_Matrix_InfoContent,0.864949367,0.881020596,"[0.8536817949234801, 0.8667292659940127, 0.873759135302684, 0.8656272724824261]","[0.8635714285714285, 0.8798638066053797, 0.8876951563915384, 0.8929519918283964]",5.780618429,7,distance
,model,seed,fp_types,valid_roc_auc,test_roc_auc,valid_roc_aucs,test_roc_aucs,use_time,n_neighbors,weights
0,knn,1,MACCSFP_PharmacoErGFP_PubChemFP,0.880124313,0.87049524,"[0.8784363806731452, 0.8722494225689115, 0.8739127244590306, 0.8958987256874581]","[0.8643766337927756, 0.8651297361553281, 0.8723545414538518, 0.8801200493204882]",5.5919168,3,uniform
,model,seed,fp_types,valid_roc_auc,test_roc_auc,valid_roc_aucs,test_roc_aucs,use_time,n_neighbors,weights
0,knn,2,MACCSFP_PharmacoErGFP_PubChemFP,0.802212661,0.792422162,"[0.792321760646718, 0.7934879231079073, 0.7989147877718045, 0.824126173921198]","[0.773428245842892, 0.7848574217675851, 0.797668262498833, 0.8137347162606801]",5.621285915,1,uniform
,model,seed,fp_types,valid_roc_auc,test_roc_auc,valid_roc_aucs,test_roc_aucs,use_time,n_neighbors,weights
0,knn,4,MACCSFP_PharmacoErGFP_PubChemFP,0.883360985,0.885457583,"[0.868885149153949, 0.8866136962371272, 0.8850401404580971, 0.8929049531459169]","[0.8893932667406586, 0.879041088390682, 0.8853618223744717, 0.8880341533382046]",5.639112711,5,distance
,model,seed,fp_types,valid_roc_auc,test_roc_auc,valid_roc_aucs,test_roc_aucs,use_time,n_neighbors,weights
0,knn,8,MACCSFP_PharmacoErGFP_PubChemFP,0.886236734,0.885799312,"[0.8759022991920153, 0.8806411126187246, 0.8929646500972322, 0.8954388752726978]","[0.8754304754237667, 0.8874010182936034, 0.8818828596956805, 0.898482896520257]",5.629101038,5,uniform
,model,seed,fp_types,valid_roc_auc,test_roc_auc,valid_roc_aucs,test_roc_aucs,use_time,n_neighbors,weights
0,knn,16,MACCSFP_PharmacoErGFP_PubChemFP,0.88930152,0.892094973,"[0.8678328966605388, 0.8869212868457581, 0.9000339850465795, 0.9024179096433431]","[0.8786771635277572, 0.8884100848983791, 0.8995464354219949, 0.901746209464199]",5.613634586,7,distance
,model,seed,fp_types,valid_roc_auc,test_roc_auc,valid_roc_aucs,test_roc_aucs,use_time,n_neighbors,weights
0,knn,32,MACCSFP_PharmacoErGFP_PubChemFP,0.886096678,0.892853249,"[0.8724783651034965, 0.8834396975732695, 0.8865122815430521, 0.901956367409349]","[0.8812322628827483, 0.8861710952160788, 0.8948912449884786, 0.9091183944125122]",5.614736557,5,distance
,model,seed,fp_types,valid_roc_auc,test_roc_auc,valid_roc_aucs,test_roc_aucs,use_time,n_neighbors,weights
0,knn,64,MACCSFP_PharmacoErGFP_PubChemFP,0.816260368,0.808743072,"[0.8060027871671707, 0.8050513651215595, 0.8223006766696087, 0.8316866429111327]","[0.8036742778622384, 0.8028772387198392, 0.8028093030690537, 0.8256114690112502]",5.594253778,1,uniform
,model,seed,fp_types,valid_roc_auc,test_roc_auc,valid_roc_aucs,test_roc_aucs,use_time,n_neighbors,weights
0,knn,128,MACCSFP_PharmacoErGFP_PubChemFP,0.867837315,0.863713425,"[0.8614547936452616, 0.8710006784260516, 0.860545985051361, 0.878347804818393]","[0.8587348734873487, 0.8697029999863699, 0.8561048060528559, 0.8703110209601082]",5.605754614,3,distance
,model,seed,fp_types,valid_roc_auc,test_roc_auc,valid_roc_aucs,test_roc_aucs,use_time,n_neighbors,weights
0,knn,256,MACCSFP_PharmacoErGFP_PubChemFP,0.882343477,0.895136485,"[0.8734074108226905, 0.8775021576324507, 0.883782917150988, 0.8946814218645204]","[0.8860369532428357, 0.886232244858443, 0.8871694110111821, 0.9211073318216174]",5.623120308,9,distance
,model,seed,fp_types,valid_roc_auc,test_roc_auc,valid_roc_aucs,test_roc_aucs,use_time,n_neighbors,weights
0,knn,512,MACCSFP_PharmacoErGFP_PubChemFP,0.877339317,0.888344902,"[0.865403997333044, 0.872397854529327, 0.888095047229682, 0.8834603679064882]","[0.8846753246753247, 0.8914368403132447, 0.890376059039804, 0.8868913857677903]",5.620993853,5,distance
,model,seed,fp_types,valid_roc_auc,test_roc_auc,valid_roc_aucs,test_roc_aucs,use_time,n_neighbors,weights
0,knn,1,Property_Constitution_Autocorr_Fragment_Charge_Estate_MOE_Connectivity_Topology_Kappa_Path_Matrix_InfoContent_MACCSFP_PharmacoErGFP_PubChemFP,0.879721396,0.871507714,"[0.8778394063505978, 0.8746455887030968, 0.8733724218895916, 0.8930281690140844]","[0.8651935301806084, 0.8664687717764084, 0.8733847200181364, 0.8809838353454466]",9.907673597,3,uniform
,model,seed,fp_types,valid_roc_auc,test_roc_auc,valid_roc_aucs,test_roc_aucs,use_time,n_neighbors,weights
0,knn,2,Property_Constitution_Autocorr_Fragment_Charge_Estate_MOE_Connectivity_Topology_Kappa_Path_Matrix_InfoContent_MACCSFP_PharmacoErGFP_PubChemFP,0.801183496,0.793268759,"[0.7912344199056357, 0.791869800130561, 0.7977011955387947, 0.8239285666438916]","[0.7763333483274106, 0.7870504042237254, 0.7989151452918506, 0.8107761363790232]",9.917888403,1,uniform
,model,seed,fp_types,valid_roc_auc,test_roc_auc,valid_roc_aucs,test_roc_aucs,use_time,n_neighbors,weights
0,knn,4,Property_Constitution_Autocorr_Fragment_Charge_Estate_MOE_Connectivity_Topology_Kappa_Path_Matrix_InfoContent_MACCSFP_PharmacoErGFP_PubChemFP,0.883049367,0.888340633,"[0.8709522492200349, 0.8872723046363213, 0.882490316700843, 0.8914825970548862]","[0.8948538660747318, 0.8784457036489557, 0.8867413993042134, 0.8933215609861709]",9.952171564,5,distance
,model,seed,fp_types,valid_roc_auc,test_roc_auc,valid_roc_aucs,test_roc_aucs,use_time,n_neighbors,weights
0,knn,8,Property_Constitution_Autocorr_Fragment_Charge_Estate_MOE_Connectivity_Topology_Kappa_Path_Matrix_InfoContent_MACCSFP_PharmacoErGFP_PubChemFP,0.888040147,0.884779879,"[0.8771610622623573, 0.8843521031207597, 0.8937238605183941, 0.8969235637911068]","[0.8740924609031411, 0.885517449599956, 0.8814527851494258, 0.8980568192492988]",9.948903084,5,uniform
,model,seed,fp_types,valid_roc_auc,test_roc_auc,valid_roc_aucs,test_roc_aucs,use_time,n_neighbors,weights
0,knn,16,Property_Constitution_Autocorr_Fragment_Charge_Estate_MOE_Connectivity_Topology_Kappa_Path_Matrix_InfoContent_MACCSFP_PharmacoErGFP_PubChemFP,0.889292015,0.892687047,"[0.8686724664533966, 0.8875915190114586, 0.8992676555648847, 0.9016364175323713]","[0.8809026720600814, 0.8903294382083328, 0.8978980179028133, 0.9016180596773323]",9.933649063,7,distance
,model,seed,fp_types,valid_roc_auc,test_roc_auc,valid_roc_aucs,test_roc_aucs,use_time,n_neighbors,weights
0,knn,32,Property_Constitution_Autocorr_Fragment_Charge_Estate_MOE_Connectivity_Topology_Kappa_Path_Matrix_InfoContent_MACCSFP_PharmacoErGFP_PubChemFP,0.871871131,0.879627146,"[0.8615805168986084, 0.8629425633104346, 0.8772478420716113, 0.8857136031017911]","[0.8705937266616878, 0.874704234545405, 0.8770961812539126, 0.8961144402320873]",9.921732187,3,uniform
,model,seed,fp_types,valid_roc_auc,test_roc_auc,valid_roc_aucs,test_roc_aucs,use_time,n_neighbors,weights
0,knn,64,Property_Constitution_Autocorr_Fragment_Charge_Estate_MOE_Connectivity_Topology_Kappa_Path_Matrix_InfoContent_MACCSFP_PharmacoErGFP_PubChemFP,0.819914182,0.809657186,"[0.8135785447429282, 0.8104163205405106, 0.8207594479659792, 0.8349024133462908]","[0.7970156999181381, 0.8040110255679118, 0.810528559249787, 0.8270734573153438]",9.902981997,1,uniform
,model,seed,fp_types,valid_roc_auc,test_roc_auc,valid_roc_aucs,test_roc_aucs,use_time,n_neighbors,weights
0,knn,128,Property_Constitution_Autocorr_Fragment_Charge_Estate_MOE_Connectivity_Topology_Kappa_Path_Matrix_InfoContent_MACCSFP_PharmacoErGFP_PubChemFP,0.867742287,0.864530937,"[0.8591204147425284, 0.8750305291723202, 0.8588372836644149, 0.8779809220985693]","[0.8551558489182252, 0.8683263592623387, 0.8582960358056266, 0.8763455037187289]",9.90722084,3,uniform
,model,seed,fp_types,valid_roc_auc,test_roc_auc,valid_roc_aucs,test_roc_aucs,use_time,n_neighbors,weights
0,knn,256,Property_Constitution_Autocorr_Fragment_Charge_Estate_MOE_Connectivity_Topology_Kappa_Path_Matrix_InfoContent_MACCSFP_PharmacoErGFP_PubChemFP,0.882928662,0.893345989,"[0.8734074108226904, 0.8775787187839303, 0.8853160447312517, 0.8954124748490947]","[0.8833748114630469, 0.8857516285631302, 0.8863220890822237, 0.9179354281395098]",9.958816528,9,distance
,model,seed,fp_types,valid_roc_auc,test_roc_auc,valid_roc_aucs,test_roc_aucs,use_time,n_neighbors,weights
0,knn,512,Property_Constitution_Autocorr_Fragment_Charge_Estate_MOE_Connectivity_Topology_Kappa_Path_Matrix_InfoContent_MACCSFP_PharmacoErGFP_PubChemFP,0.864232272,0.872891682,"[0.8560541454111299, 0.8506728850205123, 0.8764780151509077, 0.8737240432007327]","[0.8645923520923521, 0.878903643173306, 0.8724323280225927, 0.8756384065372831]",9.897104025,3,distance
,model,seed,fp_types,valid_roc_auc,test_roc_auc,valid_roc_aucs,test_roc_aucs,use_time,,
0,xgb,1,AvalonFP_MorganFP,0.921950643,0.918791038,"[0.9145759970982514, 0.9258260376471239, 0.9173770644894473, 0.9300234741784038]","[0.9142927162547527, 0.9102811974804268, 0.9253703975355728, 0.9252198420118423]",168.2236128,,
,model,seed,fp_types,valid_roc_auc,test_roc_auc,valid_roc_aucs,test_roc_aucs,use_time,,
0,xgb,2,AvalonFP_MorganFP,0.917774672,0.920901376,"[0.9154410069620544, 0.9176562912343569, 0.9115715852256012, 0.9264298058759697]","[0.915264720435428, 0.9183337458065226, 0.9185892221318361, 0.9314178164732645]",167.6957405,,
,model,seed,fp_types,valid_roc_auc,test_roc_auc,valid_roc_aucs,test_roc_aucs,use_time,,
0,xgb,4,AvalonFP_MorganFP,0.921374072,0.923990779,"[0.9186069743495167, 0.9226047081695619, 0.9144820607668905, 0.9298025435073628]","[0.9295190529041806, 0.9167761627111221, 0.9251496207829599, 0.9245182809666856]",168.1612997,,
,model,seed,fp_types,valid_roc_auc,test_roc_auc,valid_roc_aucs,test_roc_aucs,use_time,,
0,xgb,8,AvalonFP_MorganFP,0.915731926,0.923333229,"[0.911396447243346, 0.9013941655359565, 0.9152681211539998, 0.9348689703466293]","[0.9159175276175142, 0.9213429947712958, 0.9240501686959073, 0.9320222231168727]",168.3659718,,
,model,seed,fp_types,valid_roc_auc,test_roc_auc,valid_roc_aucs,test_roc_aucs,use_time,,
0,xgb,16,AvalonFP_MorganFP,0.922216726,0.919036633,"[0.9119718309859155, 0.9289689992106911, 0.9304172830621191, 0.9175087917862484]","[0.9109506618531888, 0.9135715543038198, 0.9211556905370843, 0.9304686235363946]",168.5039594,,
,model,seed,fp_types,valid_roc_auc,test_roc_auc,valid_roc_aucs,test_roc_aucs,use_time,,
0,xgb,32,AvalonFP_MorganFP,0.914480648,0.924274208,"[0.9055812185709273, 0.9086554747097002, 0.9166366954390451, 0.9270492027086064]","[0.9262546676624347, 0.9212345997987436, 0.9235717996190578, 0.9260357642710584]",168.4045854,,
,model,seed,fp_types,valid_roc_auc,test_roc_auc,valid_roc_aucs,test_roc_aucs,use_time,,
0,xgb,64,AvalonFP_MorganFP,0.926577267,0.924308285,"[0.9257101346142442, 0.9226373428587251, 0.927669234266763, 0.9302923550372529]","[0.9203638463337621, 0.9270710280120034, 0.927975809889173, 0.921822454519671]",168.8398271,,
,model,seed,fp_types,valid_roc_auc,test_roc_auc,valid_roc_aucs,test_roc_aucs,use_time,,
0,xgb,128,AvalonFP_MorganFP,0.918479157,0.92163629,"[0.9105021637477855, 0.9217639077340569, 0.914898010845091, 0.9267525443996032]","[0.9183131646497982, 0.9245403246691293, 0.9197870044757034, 0.9239046653144016]",169.4142683,,
,model,seed,fp_types,valid_roc_auc,test_roc_auc,valid_roc_aucs,test_roc_aucs,use_time,,
0,xgb,256,AvalonFP_MorganFP,0.915683548,0.930443178,"[0.9130511626477323, 0.9132492552687992, 0.9119938006867343, 0.9244399731723676]","[0.926791101055807, 0.9265348602409305, 0.9285914440500653, 0.939855307202246]",167.149179,,
,model,seed,fp_types,valid_roc_auc,test_roc_auc,valid_roc_aucs,test_roc_aucs,use_time,,
0,xgb,512,AvalonFP_MorganFP,0.925673235,0.925060784,"[0.924197199696091, 0.9236854141257345, 0.9295329138108409, 0.9252774111880202]","[0.9188311688311688, 0.9255839291794348, 0.9274657643736346, 0.9283622744296902]",168.8841493,,
,model,seed,fp_types,valid_roc_auc,test_roc_auc,valid_roc_aucs,test_roc_aucs,use_time,,
0,xgb,1,AvalonFP_MorganFP_AtomPairFP,0.926265645,0.920944324,"[0.9224500128462829, 0.9298023595148196, 0.9215660770031218, 0.9312441314553992]","[0.9214851176330798, 0.9117397898533892, 0.9228732980383266, 0.9276790916358414]",248.5427403,,
,model,seed,fp_types,valid_roc_auc,test_roc_auc,valid_roc_aucs,test_roc_aucs,use_time,,
0,xgb,2,AvalonFP_MorganFP_AtomPairFP,0.919425232,0.919139428,"[0.9164169240936266, 0.9180799199966666, 0.9164259541576399, 0.9267781305681712]","[0.9125732835529966, 0.9172956882802619, 0.9160021070318856, 0.9306866342599487]",247.0285008,,
,model,seed,fp_types,valid_roc_auc,test_roc_auc,valid_roc_aucs,test_roc_aucs,use_time,,
0,xgb,4,AvalonFP_MorganFP_AtomPairFP,0.918871672,0.923428853,"[0.9140962392610694, 0.9124191707873717, 0.9155676624716871, 0.9334036144578313]","[0.926422493525712, 0.9153150748679204, 0.9247397464777468, 0.9272380991042192]",247.5246689,,
,model,seed,fp_types,valid_roc_auc,test_roc_auc,valid_roc_aucs,test_roc_aucs,use_time,,
0,xgb,8,AvalonFP_MorganFP_AtomPairFP,0.914646778,0.924106876,"[0.9072302756653992, 0.9017028493894165, 0.9206025733237433, 0.9290514153357213]","[0.9130253290993933, 0.9201490386594754, 0.9275874484910718, 0.9356656870244374]",248.4392967,,
,model,seed,fp_types,valid_roc_auc,test_roc_auc,valid_roc_aucs,test_roc_aucs,use_time,,
0,xgb,16,AvalonFP_MorganFP_AtomPairFP,0.922638432,0.918832712,"[0.9112408262524789, 0.9276353392667592, 0.9295909799688138, 0.9220865839362948]","[0.9048105780522814, 0.9143568981625662, 0.9238264599317989, 0.9323369125343981]",249.6800058,,
,model,seed,fp_types,valid_roc_auc,test_roc_auc,valid_roc_aucs,test_roc_aucs,use_time,,
0,xgb,32,AvalonFP_MorganFP_AtomPairFP,0.912809596,0.929891775,"[0.903870892293299, 0.9088722680649838, 0.9141457534100597, 0.9243494702927043]","[0.9264563106796116, 0.9216901465908781, 0.9338212768224623, 0.9375993640699525]",248.4059806,,
,model,seed,fp_types,valid_roc_auc,test_roc_auc,valid_roc_aucs,test_roc_aucs,use_time,,
0,xgb,64,AvalonFP_MorganFP_AtomPairFP,0.92532787,0.926170838,"[0.9210067900136394, 0.9200033228110982, 0.9257134451309209, 0.9345879224705755]","[0.916522921295755, 0.9244062894618925, 0.9344529251918158, 0.9293012168604731]",248.1459415,,
,model,seed,fp_types,valid_roc_auc,test_roc_auc,valid_roc_aucs,test_roc_aucs,use_time,,
0,xgb,128,AvalonFP_MorganFP_AtomPairFP,0.918437853,0.919237444,"[0.9140091777758416, 0.918046132971506, 0.9160238218953594, 0.9256722786134551]","[0.9151705170517052, 0.9185192252647648, 0.9183783567774937, 0.9248816768086543]",248.8992958,,
,model,seed,fp_types,valid_roc_auc,test_roc_auc,valid_roc_aucs,test_roc_aucs,use_time,,
0,xgb,256,AvalonFP_MorganFP_AtomPairFP,0.914464067,0.929455286,"[0.9111838566400787, 0.9090662323561346, 0.912321135115636, 0.9252850435949027]","[0.9228770739064857, 0.9221228718033829, 0.9319940754183235, 0.9408271245005938]",247.5277133,,
,model,seed,fp_types,valid_roc_auc,test_roc_auc,valid_roc_aucs,test_roc_aucs,use_time,,
0,xgb,512,AvalonFP_MorganFP_AtomPairFP,0.921477015,0.926725844,"[0.9141185865132649, 0.9172337565140259, 0.9259789971541945, 0.9285767190067064]","[0.9204689754689754, 0.9234797412325502, 0.9342995683913251, 0.9286550902281239]",247.8467896,,
,model,seed,fp_types,valid_roc_auc,test_roc_auc,valid_roc_aucs,test_roc_aucs,use_time,,
0,xgb,1,AvalonFP_MorganFP_AtomPairFP_RDkitFP,0.923056045,0.91863984,"[0.9184676651503015, 0.9280458625506549, 0.9130413031297526, 0.9326693494299128]","[0.9188710491920152, 0.9103324360883762, 0.9224665608705509, 0.9228893134425429]",359.3623905,,
,model,seed,fp_types,valid_roc_auc,test_roc_auc,valid_roc_aucs,test_roc_aucs,use_time,,
0,xgb,2,AvalonFP_MorganFP_AtomPairFP_RDkitFP,0.916536353,0.916801002,"[0.9150952095532298, 0.9150728502576496, 0.9121666800395839, 0.923810672132685]","[0.9086523323287301, 0.9180106418082825, 0.9142618053795992, 0.9262792303630184]",356.2163866,,
,model,seed,fp_types,valid_roc_auc,test_roc_auc,valid_roc_aucs,test_roc_aucs,use_time,,
0,xgb,4,AvalonFP_MorganFP_AtomPairFP_RDkitFP,0.91820492,0.921619949,"[0.9076259855226152, 0.9156100756519167, 0.9183486791845925, 0.9312349397590362]","[0.9240695523492415, 0.9162115737318989, 0.9241532596670354, 0.9220454114908934]",357.8676078,,
,model,seed,fp_types,valid_roc_auc,test_roc_auc,valid_roc_aucs,test_roc_aucs,use_time,,
0,xgb,8,AvalonFP_MorganFP_AtomPairFP_RDkitFP,0.914111705,0.924373046,"[0.9067067193441065, 0.9007734056987788, 0.9175990303417779, 0.9313676640900643]","[0.9180121353071842, 0.9211371402692577, 0.9241735234107246, 0.9341693841673712]",355.419867,,
,model,seed,fp_types,valid_roc_auc,test_roc_auc,valid_roc_aucs,test_roc_aucs,use_time,,
0,xgb,16,AvalonFP_MorganFP_AtomPairFP_RDkitFP,0.921972374,0.919184834,"[0.9122179117872704, 0.9209534307721619, 0.9287780043447551, 0.925940148483501]","[0.9092108506227076, 0.91762690750545, 0.9235067668371697, 0.9263948092591594]",359.6653433,,
,model,seed,fp_types,valid_roc_auc,test_roc_auc,valid_roc_aucs,test_roc_aucs,use_time,,
0,xgb,32,AvalonFP_MorganFP_AtomPairFP_RDkitFP,0.912417098,0.929093835,"[0.9013492573967958, 0.9097800902402341, 0.9162237585251493, 0.9223152850589776]","[0.9243054518297236, 0.9274082787130463, 0.9277008937490843, 0.9369607163724811]",359.4934092,,
,model,seed,fp_types,valid_roc_auc,test_roc_auc,valid_roc_aucs,test_roc_aucs,use_time,,
0,xgb,64,AvalonFP_MorganFP_AtomPairFP_RDkitFP,0.925281245,0.924246116,"[0.9200579671470083, 0.9207301877388271, 0.9284281473160556, 0.9319086761688803]","[0.9209229914629868, 0.9233200266134398, 0.9265938032821824, 0.9261476439366315]",357.8872719,,
,model,seed,fp_types,valid_roc_auc,test_roc_auc,valid_roc_aucs,test_roc_aucs,use_time,,
0,xgb,128,AvalonFP_MorganFP_AtomPairFP_RDkitFP,0.91717451,0.919516607,"[0.9185617612035666, 0.9137856173677068, 0.9128728832753774, 0.923477776418953]","[0.9132049871653831, 0.9191871004675127, 0.9178988171355498, 0.9277755240027046]",357.9545445,,
,model,seed,fp_types,valid_roc_auc,test_roc_auc,valid_roc_aucs,test_roc_aucs,use_time,,
0,xgb,256,AvalonFP_MorganFP_AtomPairFP_RDkitFP,0.911622559,0.925773145,"[0.9098544577128191, 0.9036930315431945, 0.9111721244672465, 0.9217706237424548]","[0.9215271493212669, 0.923526686306239, 0.9216927757465774, 0.9363459669582117]",355.6443501,,
,model,seed,fp_types,valid_roc_auc,test_roc_auc,valid_roc_aucs,test_roc_aucs,use_time,,
0,xgb,512,AvalonFP_MorganFP_AtomPairFP_RDkitFP,0.921650382,0.925374595,"[0.9172196982618268, 0.9135609546512918, 0.9243690461875559, 0.9314518301058472]","[0.9210245310245311, 0.9250051072522982, 0.9295238983321789, 0.9259448416751789]",360.0751579,,
,model,seed,fp_types,valid_roc_auc,test_roc_auc,valid_roc_aucs,test_roc_aucs,use_time,,
0,xgb,1,AvalonFP_MorganFP_AtomPairFP_RDkitFP_TorsionFP,0.922378334,0.920164399,"[0.9171376970393097, 0.9278591483064327, 0.9137150137410284, 0.9308014755197854]","[0.9196953719106464, 0.9149575744326179, 0.9238334644671743, 0.9221711854531658]",434.1454482,,
,model,seed,fp_types,valid_roc_auc,test_roc_auc,valid_roc_aucs,test_roc_aucs,use_time,,
0,xgb,2,AvalonFP_MorganFP_AtomPairFP_RDkitFP_TorsionFP,0.916932454,0.91607248,"[0.910499946209292, 0.9184479908885093, 0.9133635561261333, 0.9254183245582304]","[0.9088772434888219, 0.9170482043667161, 0.9127148705775667, 0.9256496012348855]",431.1737144,,
,model,seed,fp_types,valid_roc_auc,test_roc_auc,valid_roc_aucs,test_roc_aucs,use_time,,
0,xgb,4,AvalonFP_MorganFP_AtomPairFP_RDkitFP_TorsionFP,0.92015716,0.922151248,"[0.9098467733259563, 0.9178148289026951, 0.9211229946524064, 0.9318440428380188]","[0.9249944506104327, 0.9169164545180806, 0.9269524012636124, 0.9197416849341018]",432.3229218,,
,model,seed,fp_types,valid_roc_auc,test_roc_auc,valid_roc_aucs,test_roc_aucs,use_time,,
0,xgb,8,AvalonFP_MorganFP_AtomPairFP_RDkitFP_TorsionFP,0.913158289,0.924867583,"[0.9063762476235742, 0.9014179104477613, 0.9157875809158474, 0.9290514153357214]","[0.9188917214544479, 0.9210959693688501, 0.9253870670916292, 0.9340955755062603]",432.1905828,,
,model,seed,fp_types,valid_roc_auc,test_roc_auc,valid_roc_aucs,test_roc_aucs,use_time,,
0,xgb,16,AvalonFP_MorganFP_AtomPairFP_RDkitFP_TorsionFP,0.921923493,0.9184456,"[0.9132384233458305, 0.9207152772107455, 0.9270321058734157, 0.9267081665925597]","[0.9051222942310758, 0.9174034907180479, 0.9224944053708439, 0.9287622079533805]",436.6021214,,
,model,seed,fp_types,valid_roc_auc,test_roc_auc,valid_roc_aucs,test_roc_aucs,use_time,,
0,xgb,32,AvalonFP_MorganFP_AtomPairFP_RDkitFP_TorsionFP,0.912727951,0.930303253,"[0.903169219974272, 0.9089061420267468, 0.9149716272378519, 0.9238648154215815]","[0.9271657953696788, 0.926021240719084, 0.9313438203444463, 0.9366821572703925]",435.7043786,,
,model,seed,fp_types,valid_roc_auc,test_roc_auc,valid_roc_aucs,test_roc_aucs,use_time,,
0,xgb,64,AvalonFP_MorganFP_AtomPairFP_RDkitFP_TorsionFP,0.925258729,0.925352677,"[0.9211253928719683, 0.9194010632995514, 0.9259407847227794, 0.93456767627686]","[0.9238246988656298, 0.923591592325553, 0.9272997921994884, 0.926694623394514]",435.200469,,
,model,seed,fp_types,valid_roc_auc,test_roc_auc,valid_roc_aucs,test_roc_aucs,use_time,,
0,xgb,128,AvalonFP_MorganFP_AtomPairFP_RDkitFP_TorsionFP,0.915581477,0.919202601,"[0.9135009148732247, 0.9122727272727272, 0.9133258723370239, 0.923226393814629]","[0.9134690135680235, 0.918526040317854, 0.9179187979539642, 0.9268965517241379]",435.1231971,,
,model,seed,fp_types,valid_roc_auc,test_roc_auc,valid_roc_aucs,test_roc_aucs,use_time,,
0,xgb,256,AvalonFP_MorganFP_AtomPairFP_RDkitFP_TorsionFP,0.911960598,0.925421138,"[0.9059123672522169, 0.903811353322754, 0.9149932529025879, 0.9231254191817573]","[0.9178016591251886, 0.9196056871775721, 0.9255624349496945, 0.9387147716229348]",433.3192189,,
,model,seed,fp_types,valid_roc_auc,test_roc_auc,valid_roc_aucs,test_roc_aucs,use_time,,
0,xgb,512,AvalonFP_MorganFP_AtomPairFP_RDkitFP_TorsionFP,0.922095095,0.926697569,"[0.9181345262276526, 0.9140876205787782, 0.9251305997568372, 0.9310276333863018]","[0.9219264069264068, 0.9246101464078993, 0.931448819736772, 0.9288049029622063]",433.5558534,,
